ApplicantIncome,CoapplicantIncome,LoanAmount,Loan_Amount_Term,Credit_History,Gender,Married,Dependents_0,Dependents_1,Dependents_2,Dependents_3+,Education,Self_Employed,Property_Area_Rural,Property_Area_Semiurban,Property_Area_Urban,Loan_Status
76.47875521999558,0.0,12.100089345214032,360.0,1.0,1,0,1,0,0,0,1,0,0,0,1,1
67.69785816405124,38.8329756778952,11.313708498984761,360.0,1.0,1,1,0,1,0,0,1,0,1,0,0,0
54.772255750516614,0.0,8.12403840463596,360.0,1.0,1,1,1,0,0,0,1,1,0,0,1,1
50.82322303829225,48.55924216871593,10.954451150103322,360.0,1.0,1,1,1,0,0,0,0,0,0,0,1,1
77.45966692414834,0.0,11.874342087037917,360.0,1.0,1,0,1,0,0,0,1,0,0,0,1,1
73.60027173862879,64.77653896280658,16.34013463836819,360.0,1.0,1,1,0,0,1,0,1,1,0,0,1,1
48.30113870293329,38.93584466786357,9.746794344808963,360.0,1.0,1,1,1,0,0,0,0,0,0,0,1,1
55.09990925582364,50.039984012787215,12.569805089976535,360.0,0.0,1,1,0,0,0,1,1,0,0,1,0,0
63.29296959378664,39.06404996924922,12.96148139681572,360.0,1.0,1,1,0,0,1,0,1,0,0,0,1,1
113.3181362359971,104.72821969268837,18.681541692269406,360.0,1.0,1,1,0,1,0,0,1,0,0,1,0,0
56.568542494923804,26.457513110645905,8.366600265340756,360.0,1.0,1,1,0,0,1,0,1,0,0,0,1,1
50.0,42.89522117905443,10.44030650891055,360.0,1.0,1,1,0,0,1,0,1,0,0,0,1,1
55.4346462061408,90.033327162779,14.142135623730951,360.0,1.0,1,1,0,0,1,0,1,0,0,0,1,1
43.04648650006177,53.291650377896914,10.677078252031311,360.0,1.0,1,0,1,0,0,0,1,0,1,0,0,0
36.0416425818802,32.95451410656816,4.123105625617661,120.0,1.0,1,1,0,0,1,0,1,0,0,0,1,1
70.35623639735144,0.0,11.180339887498949,360.0,1.0,1,0,1,0,0,0,1,0,0,0,1,1
59.9666574022598,0.0,10.0,240.0,1.0,1,0,0,1,0,0,0,0,0,0,1,1
59.2452529743945,0.0,8.717797887081348,360.0,0.0,0,0,1,0,0,0,1,0,0,0,1,0
69.90708118638626,0.0,11.532562594670797,360.0,1.0,1,1,1,0,0,0,0,0,1,0,0,0
50.99019513592785,59.16079783099616,10.723805294763608,360.0,1.0,1,1,1,0,0,0,1,0,0,0,1,1
87.52142594816426,0.0,10.198039027185569,360.0,0.0,1,1,1,0,0,0,0,0,0,0,1,0
77.1686464828819,75.0,17.74823934929885,360.0,1.0,1,1,0,1,0,0,1,0,0,0,1,1
50.99019513592785,43.71498598878879,10.770329614269007,360.0,0.0,1,1,1,0,0,0,0,0,0,1,0,0
58.008620049092706,43.78355855797927,10.583005244258363,360.0,0.0,1,1,0,0,1,0,0,0,1,0,0,0
60.96720429870473,54.08326913195984,12.288205727444508,360.0,1.0,1,1,0,1,0,0,1,0,0,1,0,0
97.77525249264254,0.0,13.820274961085254,360.0,1.0,1,1,1,0,0,0,1,1,0,1,0,1
52.905576265645195,47.46577714522327,11.045361017187261,360.0,1.0,1,1,1,0,0,0,1,0,0,1,0,1
65.00769185258002,32.2490309931942,10.488088481701515,360.0,1.0,1,1,0,0,1,0,0,0,0,0,1,1
37.97367509209505,0.0,5.916079783099616,360.0,1.0,1,0,1,0,0,0,0,0,0,0,1,0
61.237243569579455,45.639894828976104,10.954451150103322,360.0,1.0,0,0,0,0,1,0,1,0,0,1,0,1
64.5445582524197,58.0430874437258,14.177446878757825,360.0,1.0,1,1,0,1,0,0,1,0,0,0,1,0
56.27610505356603,0.0,8.602325267042627,360.0,1.0,1,0,1,0,0,0,1,0,0,0,1,0
68.49817515817483,0.0,10.295630140987,360.0,1.0,1,0,0,1,0,0,1,1,1,0,0,0
59.16079783099616,40.82891132518721,10.677078252031311,360.0,1.0,1,1,1,0,0,0,1,0,0,1,0,1
111.80339887498948,54.772255750516614,17.88854381999832,360.0,1.0,1,0,0,0,0,1,1,0,1,0,0,0
47.69696007084728,45.46427168667722,12.100089345214032,360.0,1.0,1,1,1,0,0,0,1,0,0,0,1,1
42.7551166528639,36.46916505762094,10.0,360.0,0.0,1,1,1,0,0,0,1,0,0,0,1,0
60.55575942881073,38.19685850956856,12.0,360.0,1.0,0,1,1,0,0,0,1,0,0,1,0,1
64.5445582524197,84.91171886141512,13.564659966250536,360.0,1.0,1,0,1,0,0,0,1,0,0,0,1,1
61.220911460055866,40.84115571332428,10.488088481701515,360.0,1.0,1,0,1,0,0,0,0,0,0,1,0,1
60.0,0.0,8.94427190999916,360.0,1.0,1,0,1,0,0,0,1,0,0,0,1,0
42.42640687119285,34.828149534535996,6.855654600401044,360.0,1.0,1,0,1,0,0,0,1,0,0,0,1,1
48.98979485566356,0.0,8.660254037844387,360.0,1.0,1,1,1,0,0,0,1,0,0,0,1,1
62.77738446287803,48.33218389437829,11.575836902790225,360.0,1.0,1,1,1,0,0,0,1,0,0,1,0,1
68.5200700525036,0.0,9.797958971132712,360.0,1.0,1,1,1,0,0,0,0,1,0,0,1,1
58.39520528262573,0.0,9.38083151964686,360.0,1.0,0,0,1,0,0,0,1,0,0,0,1,1
75.15982969645421,0.0,6.6332495807108,360.0,1.0,1,1,0,1,0,0,1,0,0,0,1,1
76.2954782408499,0.0,12.0,360.0,1.0,1,1,1,0,0,0,1,0,0,0,1,1
51.42956348249516,58.65151319446072,10.954451150103322,360.0,0.0,0,1,1,0,0,0,1,0,0,0,1,0
63.245553203367585,47.69696007084728,12.0,360.0,1.0,0,0,1,0,0,0,1,0,0,1,0,1
43.9089968002003,40.54626986542659,10.0,360.0,1.0,0,1,1,0,0,0,0,0,0,1,0,1
55.5517776493246,0.0,10.954451150103322,360.0,1.0,0,0,1,0,0,0,1,0,0,1,0,1
65.0384501660364,0.0,10.583005244258363,360.0,1.0,0,0,1,0,0,0,1,0,0,1,0,0
67.94115100585212,0.0,11.575836902790225,360.0,1.0,1,1,0,0,1,0,1,0,0,0,1,0
107.23805294763608,0.0,16.911534525287763,360.0,0.0,0,1,0,1,0,0,1,1,0,0,1,0
52.03844732503075,34.161381705077446,9.848857801796104,360.0,1.0,1,1,0,0,1,0,1,0,0,1,0,1
46.17358552246078,39.88734135035826,9.797958971132712,360.0,1.0,1,1,1,0,0,0,1,0,0,1,0,1
58.01723881744115,46.9041575982343,11.61895003862225,360.0,1.0,1,1,1,0,0,0,1,0,1,0,0,0
89.88882021697692,47.43416490252569,13.416407864998739,360.0,1.0,1,1,0,1,0,0,1,0,0,0,1,1
57.9396237474839,53.4696175411794,12.0,360.0,1.0,1,1,0,0,1,0,0,0,0,0,1,1
50.0,61.61168720299745,10.954451150103322,360.0,1.0,1,1,1,0,0,0,1,0,0,0,1,1
55.036351623268054,0.0,9.9498743710662,360.0,1.0,1,1,0,0,0,1,1,0,0,0,1,1
51.07837115648854,58.728187440104094,12.84523257866513,180.0,0.0,1,1,1,0,0,0,0,1,1,0,0,0
70.32069396699666,0.0,12.100089345214032,360.0,0.0,1,1,0,1,0,0,1,0,1,0,0,0
64.5445582524197,0.0,10.770329614269007,360.0,0.0,0,0,1,0,0,0,1,0,0,1,0,0
75.67033764957046,67.7864293203293,16.06237840420901,360.0,1.0,1,1,1,0,0,0,1,0,0,1,0,0
56.568542494923804,47.47630988187688,11.224972160321824,180.0,0.0,1,0,1,0,0,0,0,0,0,0,1,0
103.6822067666386,0.0,17.663521732655695,360.0,1.0,1,1,0,1,0,0,1,0,0,0,1,1
84.26149773176358,0.0,11.180339887498949,60.0,1.0,1,1,0,0,0,1,0,1,0,0,1,1
65.57438524302,0.0,11.661903789690601,360.0,0.0,0,0,1,0,0,0,1,0,0,1,0,0
56.639209034025185,55.37147279962851,13.114877048604,360.0,1.0,1,1,1,0,0,0,1,0,0,0,1,1
43.30127018922193,43.30127018922193,9.848857801796104,360.0,1.0,1,1,0,0,1,0,0,1,0,1,0,1
59.16079783099616,0.0,9.0,300.0,1.0,1,0,1,0,0,0,1,0,0,1,0,1
68.95650803223725,0.0,9.746794344808963,360.0,0.0,1,1,0,0,0,1,0,0,0,1,0,0
72.56721022610694,42.118879377305376,13.674794331177344,360.0,1.0,1,1,0,0,0,1,1,1,0,1,0,1
61.237243569579455,0.0,10.63014581273465,480.0,1.0,1,0,1,0,0,0,1,0,0,0,1,0
61.237243569579455,68.92024376045111,13.2664991614216,360.0,1.0,1,0,1,0,0,0,1,0,0,0,1,0
31.622776601683793,54.97272050753901,10.488088481701515,360.0,1.0,1,1,0,1,0,0,1,1,0,0,1,0
56.27610505356603,63.245553203367585,13.416407864998739,300.0,0.0,1,1,0,0,0,1,1,0,0,1,0,0
57.73214009544424,46.54030511288038,11.40175425099138,360.0,1.0,1,1,0,0,0,1,0,1,0,1,0,1
62.01612693485461,0.0,10.535653752852738,360.0,1.0,0,0,1,0,0,0,1,0,0,1,0,1
48.938737212968626,0.0,12.100089345214032,360.0,1.0,1,1,0,1,0,0,1,1,0,1,0,1
37.12142238654117,43.37049688440288,12.922847983320086,360.0,1.0,0,1,0,0,1,0,1,0,0,0,1,0
77.45966692414834,47.43416490252569,16.278820596099706,360.0,1.0,1,1,1,0,0,0,1,0,0,1,0,0
63.150613615387776,0.0,7.0710678118654755,240.0,1.0,1,1,0,1,0,0,1,0,0,0,1,1
48.641546028061235,50.309044912421065,11.661903789690601,360.0,1.0,1,0,1,0,0,0,1,0,0,1,0,1
57.73214009544424,44.721359549995796,9.9498743710662,360.0,1.0,1,1,0,0,1,0,0,0,0,1,0,1
50.0,46.021733996015406,10.198039027185569,360.0,1.0,1,1,1,0,0,0,1,0,0,1,0,1
92.5526876973327,0.0,14.491376746189438,360.0,1.0,1,0,1,0,0,0,1,0,0,0,1,1
75.46522377890362,64.55230437405004,13.228756555322953,360.0,1.0,1,1,1,0,0,0,1,0,0,1,0,1
54.38749856354859,53.85164807134504,11.445523142259598,360.0,1.0,1,1,1,0,0,0,1,0,0,1,0,1
79.05694150420949,75.19308478842984,13.711309200802088,180.0,1.0,1,1,0,0,1,0,1,0,0,1,0,1
57.21013896155121,42.661458015403085,9.0,360.0,1.0,1,1,0,0,1,0,0,0,0,0,1,1
64.28841264178172,0.0,11.045361017187261,360.0,1.0,1,0,1,0,0,0,1,0,0,1,0,1
60.166435825965294,0.0,5.0,120.0,1.0,1,0,1,0,0,0,0,0,0,1,0,1
82.35289915965315,0.0,12.100089345214032,360.0,1.0,1,0,1,0,0,0,1,0,0,0,1,0
49.839743177508446,47.97916214358062,11.704699910719626,360.0,1.0,0,1,1,0,0,0,1,0,0,1,0,1
44.46346815083142,31.575306807693888,7.0710678118654755,360.0,1.0,1,1,1,0,0,0,1,0,0,1,0,1
64.71475874945375,0.0,10.723805294763608,180.0,1.0,1,1,1,0,0,0,0,0,0,1,0,1
41.94043395102154,59.50630218724736,11.445523142259598,360.0,1.0,1,1,1,0,0,0,1,0,0,1,0,1
65.4828221749796,57.12267500739089,11.532562594670797,180.0,1.0,1,1,0,0,1,0,0,0,0,0,1,1
69.59166616772443,61.69278726074872,12.288205727444508,360.0,1.0,1,0,1,0,0,0,1,0,0,1,0,1
116.83321445547922,0.0,12.100089345214032,360.0,1.0,1,1,1,0,0,0,1,0,0,0,1,1
68.20557161991974,59.85816569190874,12.100089345214032,360.0,1.0,1,1,1,0,0,0,1,0,0,1,0,1
61.773780845922005,27.459060435491963,12.649110640673518,360.0,1.0,1,1,1,0,0,0,1,0,0,0,1,1
55.24490926773253,32.09361307176243,10.0,360.0,1.0,1,1,0,1,0,0,1,0,0,0,1,1
106.85036265731624,33.555923471125034,15.0,360.0,1.0,1,1,0,0,1,0,1,0,0,0,1,1
85.63293758829018,0.0,10.954451150103322,360.0,1.0,1,0,1,0,0,0,0,0,1,0,0,0
61.644140029689765,60.0,14.696938456699069,360.0,0.0,1,1,0,0,1,0,1,0,0,0,1,0
45.50824101193101,27.459060435491963,9.695359714832659,480.0,1.0,1,1,0,0,0,1,0,0,0,1,0,1
72.91090453423274,0.0,11.661903789690601,360.0,1.0,1,0,1,0,0,0,1,0,0,0,1,1
54.120236510939236,48.30113870293329,11.789826122551595,360.0,1.0,0,1,1,0,0,0,1,0,0,1,0,1
59.76621118993574,64.1404708432983,12.328828005937952,360.0,0.0,1,1,1,0,0,0,0,0,1,0,0,0
86.31917515824627,0.0,12.100089345214032,360.0,1.0,0,0,0,1,0,0,1,1,0,1,0,1
71.06335201775947,0.0,10.862780491200215,360.0,1.0,1,0,1,0,0,0,1,0,0,1,0,1
120.76009274590675,0.0,13.601470508735444,180.0,1.0,1,1,0,1,0,0,1,0,1,0,0,1
56.27610505356603,47.78074926160116,12.409673645990857,360.0,1.0,0,1,1,0,0,0,1,0,0,1,0,1
47.05316142407437,37.389838191679836,9.219544457292887,360.0,1.0,1,1,0,1,0,0,1,0,0,0,1,1
74.61903242471053,46.281745861624536,13.228756555322953,360.0,1.0,1,1,1,0,0,0,1,0,1,0,0,0
102.0196059588548,0.0,16.09347693943108,360.0,1.0,0,0,1,0,0,0,1,0,0,0,1,1
75.27947927556353,51.64300533470143,13.416407864998739,360.0,1.0,1,1,1,0,0,0,1,0,1,0,0,1
64.5445582524197,0.0,6.6332495807108,360.0,1.0,0,0,1,0,0,0,1,0,0,1,0,1
46.22769732530488,94.76286192385707,11.704699910719626,360.0,0.0,0,0,1,0,0,0,1,0,0,1,0,1
54.378304497290095,0.0,9.0,360.0,1.0,1,1,0,0,1,0,1,0,0,1,0,1
65.57438524302,44.87761134463375,13.92838827718412,360.0,1.0,1,1,1,0,0,0,0,0,1,0,0,1
60.76183012385325,0.0,9.643650760992955,360.0,1.0,0,0,1,0,0,0,1,0,1,0,0,1
154.2822089548889,0.0,19.235384061671343,360.0,1.0,1,1,0,0,0,1,1,0,1,0,0,1
62.16912416947821,40.496913462633174,12.100089345214032,360.0,1.0,1,0,1,0,0,0,1,0,1,0,0,1
102.53292154230269,62.048368229954285,12.649110640673518,180.0,0.0,1,1,0,1,0,0,1,1,0,0,1,0
77.9743547584717,50.68530358989675,13.490737563232042,360.0,1.0,1,1,1,0,0,0,1,0,1,0,0,0
142.00704207890536,0.0,25.495097567963924,480.0,1.0,1,0,1,0,0,0,1,1,0,0,1,1
44.87761134463375,43.9203825119955,8.602325267042627,360.0,1.0,1,0,1,0,0,0,1,0,0,0,1,1
52.1344415909483,0.0,8.366600265340756,360.0,1.0,1,0,1,0,0,0,1,0,0,1,0,1
58.81326381013045,0.0,5.0,120.0,1.0,1,1,1,0,0,0,1,1,0,1,0,1
69.96427659884722,0.0,10.099504938362077,360.0,1.0,1,0,1,0,0,0,1,0,0,1,0,1
63.245553203367585,88.03408430829505,17.029386365926403,360.0,1.0,1,1,0,0,0,1,1,0,0,1,0,0
67.69785816405124,0.0,9.16515138991168,360.0,1.0,0,1,1,0,0,0,1,0,1,0,0,0
57.584720195551874,59.16079783099616,9.38083151964686,360.0,1.0,1,1,0,0,1,0,1,1,0,0,1,1
122.47040458821061,0.0,15.556349186104045,360.0,0.0,1,0,1,0,0,0,1,0,0,1,0,0
64.8074069840786,37.815340802378074,11.357816691600547,360.0,1.0,1,1,0,0,1,0,0,0,1,0,0,0
71.00704190430693,45.639894828976104,13.601470508735444,360.0,1.0,1,1,0,0,1,0,1,0,1,0,0,0
73.60027173862879,0.0,12.96148139681572,360.0,1.0,1,0,1,0,0,0,1,0,0,0,1,1
83.36666000266533,0.0,13.228756555322953,180.0,1.0,1,0,1,0,0,0,1,1,0,1,0,1
51.94227565288221,45.09988913511872,11.045361017187261,360.0,1.0,1,1,1,0,0,0,1,0,0,1,0,1
108.42970072816765,0.0,13.674794331177344,180.0,1.0,1,1,0,0,1,0,1,0,0,0,1,1
48.27007354458868,66.9776081985614,10.0,360.0,1.0,0,1,1,0,0,0,1,0,0,1,0,1
121.92620719107111,0.0,8.366600265340756,360.0,1.0,0,1,0,0,1,0,1,0,0,0,1,1
39.21734310225516,37.749172176353746,5.477225575051661,360.0,1.0,1,1,0,1,0,0,1,0,0,0,1,1
100.0,40.8166632639171,15.0,360.0,1.0,0,0,1,0,0,0,1,0,1,0,0,0
69.7137002317335,28.809720581775867,11.180339887498949,360.0,1.0,1,1,1,0,0,0,1,0,0,1,0,1
79.22752047110903,0.0,10.862780491200215,360.0,0.0,1,0,1,0,0,0,1,0,1,0,0,0
50.76416058598822,61.237243569579455,12.328828005937952,360.0,1.0,1,1,1,0,0,0,1,1,1,0,0,1
95.73922915921143,0.0,15.620499351813308,360.0,1.0,1,0,1,0,0,0,1,0,0,0,1,0
47.75981574503821,0.0,10.63014581273465,360.0,1.0,1,1,0,0,1,0,0,0,1,0,0,0
57.043842787806646,0.0,7.0710678118654755,360.0,1.0,1,0,1,0,0,0,1,0,0,0,1,1
199.9974999843748,0.0,24.49489742783178,180.0,0.0,1,1,0,0,0,1,1,0,0,1,0,1
77.45966692414834,0.0,12.649110640673518,360.0,1.0,1,1,0,1,0,0,1,0,1,0,0,1
97.66268478799874,0.0,13.674794331177344,360.0,1.0,1,1,0,1,0,0,1,0,0,0,1,1
54.589376255824725,45.639894828976104,10.954451150103322,360.0,1.0,1,0,1,0,0,0,1,0,1,0,0,1
67.69785816405124,75.0,15.968719422671311,360.0,1.0,1,1,1,0,0,0,1,0,0,1,0,1
43.162483709814474,32.264531609803356,9.899494936611665,360.0,1.0,1,1,1,0,0,0,0,0,0,1,0,1
89.06739021662193,0.0,16.583123951777,360.0,1.0,1,1,1,0,0,0,1,0,0,0,1,0
55.57877292636101,35.77708763999664,11.0,360.0,0.0,1,1,0,1,0,0,1,0,0,1,0,0
64.55230437405004,38.03945320322047,12.569805089976535,360.0,1.0,1,1,0,0,1,0,1,0,1,0,0,1
96.55568341635825,0.0,8.660254037844387,180.0,1.0,1,1,1,0,0,0,1,0,0,0,1,1
60.88513775955508,56.2672195865408,13.490737563232042,360.0,1.0,1,1,1,0,0,0,1,0,1,0,0,1
67.69785816405124,0.0,10.583005244258363,360.0,1.0,0,1,1,0,0,0,1,0,1,0,0,0
49.38623289946298,57.73214009544424,11.357816691600547,360.0,1.0,1,1,1,0,0,0,1,0,1,0,0,1
47.29693436154187,0.0,7.937253933193772,480.0,0.0,1,0,1,0,0,0,1,0,0,1,0,0
89.44271909999159,0.0,14.142135623730951,360.0,1.0,1,1,0,0,1,0,1,0,0,1,0,1
42.661458015403085,42.05948168962618,9.746794344808963,360.0,1.0,1,1,1,0,0,0,0,0,1,0,0,1
227.51483468116976,0.0,26.457513110645905,300.0,1.0,1,1,0,0,0,1,1,0,0,0,1,1
59.34644049983116,0.0,9.0,180.0,1.0,1,1,0,0,0,1,0,0,1,0,0,0
75.55130707009641,75.0,13.674794331177344,360.0,1.0,1,1,1,0,0,0,1,0,0,1,0,1
65.90902821313632,27.129319932501073,9.327379053088816,360.0,1.0,1,1,1,0,0,0,0,1,0,1,0,0
59.135437767890075,44.31703961232068,10.770329614269007,360.0,1.0,1,1,1,0,0,0,1,0,1,0,0,1
45.221676218380054,40.23679907746142,10.04987562112089,360.0,1.0,1,1,0,0,1,0,1,0,1,0,0,1
74.26977851050857,106.30145812734649,22.24859546128699,360.0,0.0,1,1,0,0,0,1,1,0,0,1,0,0
61.237243569579455,0.0,10.770329614269007,360.0,1.0,1,1,0,1,0,0,1,0,0,1,0,1
48.30113870293329,38.09199390948182,10.099504938362077,480.0,0.0,1,0,1,0,0,0,0,0,0,0,1,0
80.0,85.14693182963201,13.416407864998739,360.0,0.0,1,1,0,1,0,0,1,0,0,0,1,0
43.77213725647858,71.15476090888086,8.18535277187245,360.0,1.0,1,0,1,0,0,0,1,0,1,0,0,0
67.82329983125268,0.0,8.54400374531753,180.0,1.0,1,1,1,0,0,0,1,0,0,1,0,1
183.97282408007982,0.0,16.1245154965971,360.0,1.0,1,1,0,1,0,0,1,0,0,1,0,0
60.207972893961475,0.0,10.392304845413264,360.0,1.0,0,1,1,0,0,0,1,0,0,1,0,1
197.8560082484229,68.92024376045111,10.954451150103322,360.0,1.0,1,1,1,0,0,0,1,1,0,1,0,1
46.66904755831214,0.0,8.12403840463596,300.0,0.0,1,1,0,1,0,0,1,1,1,0,0,0
48.815980989835694,46.238512086787566,7.615773105863909,360.0,1.0,1,1,1,0,0,0,1,0,1,0,0,1
25.96150997149434,72.77362159464101,12.96148139681572,360.0,1.0,1,1,1,0,0,0,1,1,1,0,0,1
96.5815717411971,0.0,13.711309200802088,180.0,1.0,1,1,1,0,0,0,1,0,1,0,0,1
69.8927750200262,0.0,6.928203230275509,360.0,1.0,1,0,1,0,0,0,0,0,1,0,0,1
109.54451150103323,0.0,12.806248474865697,360.0,1.0,1,0,1,0,0,0,1,0,0,1,0,0
77.67238891652555,0.0,12.649110640673518,360.0,1.0,1,1,1,0,0,0,0,0,0,0,1,0
62.112800613078136,0.0,8.717797887081348,360.0,1.0,1,0,1,0,0,0,1,0,0,1,0,1
64.73793323855806,0.0,10.954451150103322,360.0,1.0,1,0,1,0,0,0,1,0,1,0,0,1
55.90169943749474,50.82322303829225,13.038404810405298,360.0,1.0,1,1,0,1,0,0,1,0,0,1,0,0
91.28526715741155,61.237243569579455,13.674794331177344,360.0,1.0,1,0,1,0,0,0,1,0,1,0,0,1
43.669211121796096,48.63126566315131,10.954451150103322,360.0,1.0,0,0,1,0,0,0,0,0,0,0,1,1
58.44655678480983,53.0659966456864,10.63014581273465,360.0,1.0,0,1,1,0,0,0,1,0,0,1,0,1
104.88088481701516,0.0,9.1104335791443,360.0,1.0,1,0,1,0,0,0,1,1,0,0,1,0
50.99019513592785,50.0,9.486832980505138,360.0,1.0,1,1,0,1,0,0,0,0,0,1,0,1
70.16409338115899,0.0,12.884098726725126,360.0,0.0,1,0,0,0,1,0,1,0,0,1,0,1
63.182275995725256,0.0,12.100089345214032,180.0,1.0,1,1,0,0,0,1,0,0,0,0,1,0
59.16079783099616,32.90896534380867,11.61895003862225,360.0,1.0,1,1,0,1,0,0,0,0,0,0,1,1
62.5859409132754,0.0,11.135528725660043,360.0,1.0,1,1,0,0,1,0,0,0,0,1,0,1
66.39277069079132,0.0,10.954451150103322,360.0,1.0,0,0,1,0,0,0,0,0,0,1,0,1
56.95612346359257,0.0,8.94427190999916,360.0,1.0,0,0,1,0,0,0,1,0,0,0,1,1
63.047601064592456,50.309044912421065,7.416198487095663,360.0,1.0,1,0,1,0,0,0,0,0,1,0,0,1
49.78955713801841,0.0,7.681145747868608,360.0,1.0,1,0,1,0,0,0,1,0,0,0,1,1
58.463663928973865,0.0,11.269427669584644,360.0,1.0,1,0,1,0,0,0,1,0,0,1,0,0
100.0,0.0,14.628738838327793,360.0,1.0,0,0,1,0,0,0,1,0,0,1,0,0
58.56620185738529,35.35533905932738,11.313708498984761,360.0,0.0,1,1,0,0,0,1,1,0,0,1,0,0
88.24397996464121,0.0,15.491933384829668,360.0,1.0,1,1,0,1,0,0,1,1,0,0,1,1
75.5182097245426,0.0,11.40175425099138,360.0,1.0,1,1,0,0,0,1,0,1,1,0,0,1
56.32938842203065,54.96362433464518,11.704699910719626,360.0,1.0,1,1,1,0,0,0,1,0,0,0,1,1
62.048368229954285,31.352830813181765,10.0,360.0,1.0,1,1,0,0,0,1,0,0,0,1,0,1
12.24744871391589,42.42640687119285,11.61895003862225,360.0,1.0,1,1,1,0,0,0,1,0,1,0,0,0
61.04916051838878,42.13074886588179,11.445523142259598,360.0,1.0,1,1,1,0,0,0,1,0,0,1,0,1
70.71067811865476,0.0,8.48528137423857,360.0,0.0,1,1,0,0,1,0,1,0,0,1,0,0
65.4446330878247,48.815980989835694,11.269427669584644,360.0,1.0,0,1,0,0,1,0,1,0,0,1,0,1
47.12748667179272,0.0,7.745966692414834,360.0,0.0,1,1,1,0,0,0,1,0,0,0,1,0
63.31666447310692,41.43669871020132,10.770329614269007,360.0,1.0,1,1,0,0,1,0,1,0,0,1,0,1
54.506880299646575,52.82991576748916,12.0,360.0,1.0,1,0,1,0,0,0,1,0,0,1,0,1
87.05170877128145,31.78049716414141,13.228756555322953,360.0,1.0,1,1,1,0,0,0,1,0,0,1,0,1
79.05694150420949,0.0,11.313708498984761,360.0,1.0,1,1,1,0,0,0,1,0,0,1,0,1
57.0087712549569,0.0,13.038404810405298,360.0,1.0,1,1,1,0,0,0,1,0,1,0,0,0
68.81133627535509,0.0,11.74734012447073,360.0,1.0,1,1,1,0,0,0,0,1,0,0,1,0
79.05694150420949,41.1703777004778,14.491376746189438,360.0,1.0,1,1,0,0,1,0,1,0,0,1,0,1
68.97825744392213,0.0,12.569805089976535,480.0,1.0,1,1,1,0,0,0,1,0,0,1,0,1
80.0,0.0,14.142135623730951,360.0,1.0,1,0,1,0,0,0,1,1,1,0,0,1
49.90991885387112,45.32107677449864,10.198039027185569,360.0,1.0,1,1,0,1,0,0,1,0,0,1,0,1
60.959002616512684,0.0,6.48074069840786,180.0,1.0,1,1,1,0,0,0,1,0,1,0,0,1
56.471231613982,50.97057974949863,10.954451150103322,360.0,1.0,1,0,1,0,0,0,0,0,1,0,0,1
91.28526715741155,0.0,16.73320053068151,360.0,1.0,0,0,1,0,0,0,1,0,0,1,0,1
56.16938667993447,42.17819341792628,11.832159566199232,360.0,1.0,1,1,0,1,0,0,1,0,0,1,0,1
74.16198487095663,35.4964786985977,13.038404810405298,360.0,1.0,1,1,0,1,0,0,1,0,1,0,0,1
75.8023746329889,0.0,15.968719422671311,360.0,1.0,1,1,1,0,0,0,1,0,0,0,1,0
58.84725991921799,0.0,11.045361017187261,360.0,1.0,0,0,1,0,0,0,1,1,0,0,1,1
61.741396161732524,0.0,10.583005244258363,360.0,1.0,0,0,0,1,0,0,1,0,1,0,0,1
57.57603668193913,0.0,9.797958971132712,360.0,1.0,1,1,0,1,0,0,1,0,0,1,0,1
76.28237017817419,70.71067811865476,10.954451150103322,360.0,1.0,1,1,0,0,1,0,1,0,1,0,0,1
50.0999001995014,44.53088815642464,11.832159566199232,180.0,1.0,1,1,0,1,0,0,0,0,0,0,1,0
54.45181356024793,75.50496672405067,12.449899597988733,60.0,1.0,1,0,1,0,0,0,1,0,0,0,1,1
79.05694150420949,36.05551275463989,10.392304845413264,360.0,1.0,1,1,0,0,1,0,1,1,1,0,0,1
58.360945845659494,66.46051459325304,11.090536506409418,360.0,1.0,1,1,1,0,0,0,0,0,0,1,0,1
77.78174593052023,65.82552696332935,10.954451150103322,180.0,1.0,1,0,1,0,0,0,1,1,0,0,1,0
98.50380703302791,0.0,10.583005244258363,360.0,1.0,1,1,0,0,1,0,1,0,0,0,1,1
81.2896057316063,0.0,11.704699910719626,180.0,1.0,1,1,0,1,0,0,0,0,0,0,1,1
53.68426212587819,42.930175867331364,11.090536506409418,480.0,1.0,1,1,0,1,0,0,1,0,0,1,0,1
42.532340636273474,43.22036556994862,9.486832980505138,360.0,1.0,1,1,1,0,0,0,1,0,0,0,1,1
40.84115571332428,62.369864518050704,14.177446878757825,360.0,0.0,1,1,1,0,0,0,0,0,0,1,0,0
58.540584213005594,0.0,11.74734012447073,360.0,1.0,0,0,0,0,1,0,1,0,0,0,1,0
50.82322303829225,46.551047249229526,10.198039027185569,360.0,1.0,1,0,1,0,0,0,0,1,1,0,0,1
51.58488150611572,84.26743143112884,16.703293088490067,180.0,1.0,1,1,0,1,0,0,0,0,0,1,0,1
127.47548783981962,0.0,13.856406460551018,360.0,0.0,1,0,1,0,0,0,1,1,0,0,1,0
55.52476924760696,0.0,15.968719422671311,360.0,1.0,0,0,0,0,0,1,1,0,1,0,0,1
77.74959806970065,0.0,10.723805294763608,360.0,0.0,1,0,1,0,0,0,0,0,1,0,0,0
72.4568837309472,0.0,9.695359714832659,360.0,1.0,1,1,0,0,0,1,1,0,0,0,1,0
121.17342943071307,45.8257569495584,17.435595774162696,360.0,1.0,1,1,1,0,0,0,1,0,1,0,0,0
70.22107945624305,0.0,11.313708498984761,360.0,1.0,1,1,0,0,0,1,0,0,0,1,0,0
77.99358948016176,65.19202405202648,18.16590212458495,360.0,1.0,1,1,0,1,0,0,1,0,0,0,1,1
45.387222871640866,47.0,11.575836902790225,360.0,1.0,1,0,1,0,0,0,1,0,0,1,0,1
59.0,0.0,12.449899597988733,36.0,1.0,0,0,0,1,0,0,1,0,0,1,0,0
84.8528137423857,0.0,10.954451150103322,360.0,1.0,0,0,1,0,0,0,1,0,1,0,0,1
71.87489130426563,0.0,11.313708498984761,360.0,1.0,1,0,1,0,0,0,1,1,0,1,0,1
63.99218702310463,58.71115737234278,12.288205727444508,360.0,1.0,1,0,1,0,0,0,1,0,1,0,0,1
68.61486719363377,37.242448899072144,12.24744871391589,360.0,1.0,1,1,0,0,1,0,1,0,0,1,0,1
65.82552696332935,42.555845661906424,12.649110640673518,360.0,0.0,1,1,0,0,0,1,1,0,0,0,1,1
58.463663928973865,0.0,11.61895003862225,360.0,1.0,0,0,1,0,0,0,1,0,1,0,0,0
53.62835071116769,39.496835316262995,9.486832980505138,360.0,1.0,0,0,0,1,0,0,1,0,0,0,1,1
56.894639466297704,0.0,5.477225575051661,360.0,1.0,0,0,1,0,0,0,1,0,0,0,1,1
105.57461816175325,0.0,11.661903789690601,360.0,1.0,1,1,1,0,0,0,1,0,0,0,1,1
53.225933528685054,43.09292285283048,11.224972160321824,360.0,1.0,1,0,1,0,0,0,1,0,1,0,0,1
51.18593556827891,47.148700936505136,12.24744871391589,360.0,1.0,1,1,1,0,0,0,1,0,0,1,0,1
62.44997998398398,0.0,9.486832980505138,360.0,1.0,1,1,0,0,1,0,1,0,0,1,0,1
52.44044240850758,42.91852746774987,10.723805294763608,360.0,1.0,1,1,0,1,0,0,1,0,0,1,0,1
63.190189111918315,57.21887800367987,14.38749456993816,360.0,1.0,1,1,1,0,0,0,1,0,0,1,0,1
55.70457790882182,36.05551275463989,8.94427190999916,360.0,1.0,1,1,1,0,0,0,1,0,0,0,1,1
120.76009274590675,0.0,20.8806130178211,360.0,1.0,1,1,1,0,0,0,1,0,0,1,0,1
64.03124237432849,0.0,11.135528725660043,360.0,1.0,0,1,1,0,0,0,0,0,1,0,0,1
63.66317616958802,49.25444142409901,12.569805089976535,360.0,0.0,1,0,0,1,0,0,0,1,0,0,1,0
62.66578013557319,28.284271247461902,10.583005244258363,360.0,1.0,1,1,1,0,0,0,1,0,0,1,0,1
47.968739820845826,31.397451931645662,8.831760866327848,180.0,1.0,1,1,0,0,1,0,1,0,0,0,1,1
42.555845661906424,40.8166632639171,7.3484692283495345,360.0,1.0,0,0,1,0,0,0,1,0,0,0,1,1
143.76021702821683,0.0,12.100089345214032,360.0,1.0,1,1,1,0,0,0,1,0,1,0,0,0
56.19608527290847,55.25395913416522,9.433981132056603,360.0,1.0,1,0,1,0,0,0,1,0,1,0,0,1
50.99019513592785,41.43669871020132,9.9498743710662,300.0,1.0,0,0,1,0,0,0,1,1,0,1,0,0
60.860496218811754,44.721359549995796,10.954451150103322,360.0,1.0,1,1,1,0,0,0,1,0,1,0,0,1
64.21837743200929,0.0,10.723805294763608,360.0,1.0,0,0,1,0,0,0,1,0,0,1,0,1
97.50897394599124,0.0,13.674794331177344,360.0,1.0,1,0,1,0,0,0,1,0,1,0,0,1
55.452682532047085,49.15282290977803,11.789826122551595,360.0,1.0,1,1,1,0,0,0,1,0,1,0,0,1
66.332495807108,0.0,11.269427669584644,360.0,0.0,1,1,0,0,1,0,1,0,0,1,0,0
56.15158056546583,39.496835316262995,11.575836902790225,360.0,1.0,1,1,0,0,1,0,1,0,0,0,1,1
73.60027173862879,0.0,11.958260743101398,480.0,0.0,0,0,1,0,0,0,1,0,0,0,1,0
48.815980989835694,57.7408001330082,13.114877048604,360.0,1.0,1,1,1,0,0,0,1,0,0,1,0,1
66.4529909033446,35.35533905932738,10.488088481701515,360.0,1.0,1,1,0,0,0,1,1,0,0,0,1,1
82.915619758885,0.0,14.142135623730951,360.0,1.0,1,1,0,1,0,0,1,0,0,1,0,1
68.30812543175226,0.0,11.61895003862225,360.0,1.0,0,1,0,1,0,0,1,0,0,0,1,1
70.71067811865476,50.40833264451424,12.288205727444508,480.0,1.0,0,0,1,0,0,0,1,0,1,0,0,0
44.87761134463375,54.08326913195984,10.63014581273465,360.0,1.0,1,1,0,1,0,0,1,0,0,0,1,0
42.42640687119285,54.16641025580336,9.643650760992955,360.0,0.0,1,1,1,0,0,0,0,0,0,0,1,0
53.61902647381804,41.83300132670378,10.246950765959598,360.0,1.0,1,1,1,0,0,0,0,0,0,1,0,1
70.71067811865476,0.0,11.489125293076057,360.0,1.0,0,0,1,0,0,0,1,0,1,0,0,1
40.311288741492746,42.46174749112429,9.797958971132712,360.0,1.0,1,1,0,1,0,0,1,0,0,0,1,1
63.245553203367585,50.0,11.832159566199232,360.0,1.0,1,0,1,0,0,0,1,0,1,0,0,1
44.721359549995796,0.0,12.100089345214032,360.0,1.0,1,0,1,0,0,0,0,0,0,0,1,0
61.335144900782616,40.8166632639171,11.61895003862225,360.0,1.0,0,0,1,0,0,0,1,0,1,0,0,1
48.98979485566356,43.162483709814474,10.198039027185569,360.0,0.0,0,0,1,0,0,0,1,0,0,0,1,0
142.24275025462634,0.0,21.908902300206645,360.0,1.0,1,0,1,0,0,0,1,0,1,0,0,0
87.56140702387097,0.0,13.601470508735444,360.0,1.0,1,1,0,0,1,0,0,0,1,0,0,1
54.00925846556311,0.0,9.16515138991168,360.0,1.0,0,0,1,0,0,0,1,0,0,1,0,1
54.101755978895916,49.040799340956916,10.535653752852738,360.0,1.0,1,0,1,0,0,0,0,0,0,1,0,1
50.06995106848019,0.0,7.483314773547883,360.0,1.0,0,0,1,0,0,0,1,0,1,0,0,1
75.8023746329889,0.0,12.0,84.0,1.0,1,1,0,0,1,0,1,1,1,0,0,1
49.72926703662542,42.930175867331364,12.609520212918492,360.0,1.0,1,1,1,0,0,0,1,0,1,0,0,0
58.30094338859364,40.496913462633174,10.535653752852738,180.0,1.0,1,1,0,1,0,0,0,0,0,0,1,1
60.96720429870473,0.0,10.954451150103322,360.0,1.0,1,1,0,0,1,0,1,0,0,1,0,1
45.36518488885502,46.195237849804386,9.38083151964686,360.0,1.0,1,1,1,0,0,0,1,0,0,0,1,1
59.50630218724736,0.0,10.583005244258363,360.0,1.0,0,0,0,1,0,0,1,0,0,1,0,1
100.0,0.0,12.449899597988733,360.0,1.0,1,1,0,1,0,0,1,1,1,0,0,0
48.98979485566356,46.551047249229526,10.723805294763608,360.0,1.0,1,1,1,0,0,0,1,0,0,1,0,1
65.89385403814228,13.74772708486752,11.135528725660043,360.0,1.0,1,1,0,0,0,1,1,0,0,1,0,1
60.00833275470999,39.87480407475377,12.100089345214032,360.0,1.0,1,1,0,0,1,0,0,0,1,0,0,1
56.2672195865408,54.63515351859094,11.489125293076057,360.0,1.0,0,0,1,0,0,0,1,0,1,0,0,1
122.47448713915891,0.0,17.320508075688775,360.0,1.0,1,1,0,0,0,1,1,0,1,0,0,1
93.09135298189624,70.59036761485238,19.390719429665317,360.0,0.0,1,1,0,1,0,0,1,1,1,0,0,0
70.12132343303284,0.0,11.40175425099138,360.0,0.0,1,0,1,0,0,0,1,0,1,0,0,1
76.27581530209953,46.475800154489,13.564659966250536,360.0,1.0,1,1,1,0,0,0,1,1,0,1,0,1
65.82552696332935,49.50757517794625,10.488088481701515,360.0,1.0,0,1,1,0,0,0,1,0,0,0,1,0
50.0,0.0,8.18535277187245,360.0,1.0,0,0,1,0,0,0,1,0,0,0,1,1
66.2117814289874,42.34383071948026,10.816653826391969,360.0,1.0,1,0,0,1,0,0,1,0,0,0,1,1
54.17564028232615,0.0,9.899494936611665,360.0,1.0,1,0,1,0,0,0,1,0,0,1,0,1
53.225933528685054,0.0,8.426149773176359,360.0,1.0,1,0,1,0,0,0,1,0,0,0,1,1
251.66843266488547,0.0,22.135943621178654,180.0,1.0,1,1,1,0,0,0,1,0,0,0,1,1
99.16148445843275,42.81354925721529,13.490737563232042,180.0,1.0,1,1,0,1,0,0,1,1,0,0,1,1
74.18220810949214,67.00746227100382,8.366600265340756,360.0,1.0,1,1,1,0,0,0,1,1,0,1,0,1
72.4568837309472,26.229754097208,12.649110640673518,360.0,1.0,1,1,0,1,0,0,1,0,1,0,0,1
50.0,67.82329983125268,13.2664991614216,360.0,1.0,1,1,0,0,1,0,1,1,1,0,0,1
42.77849927241488,0.0,12.100089345214032,360.0,0.0,0,0,0,0,0,1,0,0,0,0,1,0
64.4980619863884,0.0,8.426149773176359,360.0,1.0,0,0,1,0,0,0,1,0,0,1,0,1
51.44900387762624,39.83716857408418,13.152946437965905,360.0,1.0,1,1,0,0,0,1,0,0,1,0,0,0
48.76474136094644,0.0,6.782329983125268,360.0,1.0,0,0,1,0,0,0,1,0,1,0,0,0
67.48333127521195,35.05709628591621,12.569805089976535,360.0,1.0,1,1,0,1,0,0,0,0,0,0,1,1
56.32938842203065,0.0,8.602325267042627,360.0,1.0,1,1,0,0,0,1,0,0,0,1,0,1
50.82322303829225,48.27007354458868,11.180339887498949,360.0,1.0,1,1,0,0,1,0,1,0,1,0,0,1
49.98999899979995,49.57822102496216,12.649110640673518,360.0,1.0,1,1,1,0,0,0,1,0,0,1,0,1
59.3548650070068,56.83308895353129,12.328828005937952,360.0,0.0,1,1,1,0,0,0,0,0,1,0,0,0
55.52476924760696,46.561786907291264,11.224972160321824,360.0,1.0,1,1,0,0,1,0,0,0,0,0,1,1
79.58014827832379,67.69785816405124,16.09347693943108,360.0,1.0,1,1,1,0,0,0,1,0,0,1,0,1
51.234753829797995,79.05694150420949,13.674794331177344,360.0,1.0,1,1,1,0,0,0,1,0,1,0,0,1
95.30477427705287,0.0,15.0996688705415,360.0,1.0,1,1,1,0,0,0,1,0,0,1,0,1
93.54143466934853,64.55230437405004,17.549928774784245,360.0,1.0,1,0,1,0,0,0,1,0,1,0,0,0
51.633322573702344,45.639894828976104,9.746794344808963,360.0,1.0,1,1,0,0,0,1,1,0,1,0,0,1
74.16198487095663,0.0,10.246950765959598,360.0,0.0,0,1,1,0,0,0,1,1,1,0,0,0
49.22397789695587,22.47220505424423,11.40175425099138,360.0,1.0,0,1,1,0,0,0,1,0,0,1,0,1
61.74949392505172,0.0,10.770329614269007,180.0,1.0,0,0,1,0,0,0,1,0,0,0,1,1
91.28526715741155,56.27610505356603,12.84523257866513,360.0,1.0,1,1,0,0,1,0,1,0,1,0,0,1
62.24949798994366,0.0,8.18535277187245,360.0,1.0,1,1,0,1,0,0,1,0,0,0,1,0
54.772255750516614,40.8166632639171,10.0,480.0,0.0,1,1,1,0,0,0,0,0,0,0,1,0
71.88184749990779,56.27610505356603,14.142135623730951,360.0,1.0,1,1,0,0,0,1,1,0,0,1,0,1
68.72408602520662,0.0,9.0,360.0,1.0,0,0,0,1,0,0,1,0,0,1,0,0
70.71067811865476,60.55575942881073,15.362291495737216,360.0,1.0,1,1,0,0,1,0,1,0,0,1,0,1
68.92024376045111,48.30113870293329,11.40175425099138,360.0,1.0,1,1,1,0,0,0,1,0,0,0,1,1
54.89080068645383,55.072679252057455,9.746794344808963,300.0,1.0,1,1,1,0,0,0,1,0,0,0,1,1
82.59539938761722,0.0,11.874342087037917,360.0,1.0,1,0,1,0,0,0,1,1,1,0,0,1
78.8416133777081,0.0,11.532562594670797,360.0,1.0,1,0,1,0,0,0,0,0,1,0,0,0
50.0,0.0,9.797958971132712,480.0,1.0,1,0,1,0,0,0,1,0,0,1,0,0
71.58212067269312,0.0,11.135528725660043,360.0,0.0,1,0,1,0,0,0,1,0,1,0,0,0
79.52986860293433,0.0,13.228756555322953,360.0,1.0,1,1,0,1,0,0,1,0,0,1,0,1
140.46351839534705,72.56721022610694,23.874672772626646,360.0,1.0,1,1,1,0,0,0,1,0,1,0,0,0
125.53485571744606,0.0,7.416198487095663,360.0,1.0,0,0,1,0,0,0,1,1,0,1,0,1
72.00694410957877,0.0,12.449899597988733,360.0,1.0,1,1,0,0,1,0,1,0,0,1,0,1
96.55568341635825,88.72992730753249,19.493588689617926,300.0,1.0,1,1,0,0,1,0,1,1,1,0,0,1
55.33534132902769,44.57577817604534,10.535653752852738,180.0,0.0,1,0,0,1,0,0,1,0,0,0,1,0
52.57375771237966,38.19685850956856,10.488088481701515,360.0,1.0,0,0,1,0,0,0,1,0,0,0,1,1
69.40461079784254,30.380915061926625,10.954451150103322,180.0,1.0,1,1,1,0,0,0,1,0,0,0,1,1
93.54143466934853,70.68238818828917,11.40175425099138,360.0,1.0,1,1,0,0,0,1,1,0,1,0,0,1
65.6505902486794,0.0,11.40175425099138,360.0,1.0,1,1,1,0,0,0,1,0,0,1,0,1
55.39855593785816,0.0,8.426149773176359,480.0,1.0,1,0,1,0,0,0,1,0,0,0,1,0
73.4234295031225,0.0,11.40175425099138,360.0,1.0,1,1,0,0,1,0,1,0,0,0,1,1
57.73214009544424,50.0,11.313708498984761,360.0,1.0,1,1,1,0,0,0,1,0,0,1,0,1
77.07788269017254,65.05382386916237,17.204650534085253,360.0,1.0,1,0,1,0,0,0,1,0,0,1,0,1
77.45966692414834,0.0,12.489995996796797,360.0,1.0,0,0,1,0,0,0,1,0,0,0,1,1
84.65813605318746,0.0,11.313708498984761,360.0,1.0,1,0,1,0,0,0,1,1,0,0,1,1
67.5721836261046,0.0,10.0,360.0,1.0,1,1,0,0,1,0,1,0,0,0,1,0
60.55575942881073,0.0,10.63014581273465,180.0,1.0,1,0,0,1,0,0,1,0,0,0,1,1
48.43552415324934,40.0,11.489125293076057,360.0,1.0,1,0,1,0,0,0,0,0,0,1,0,1
54.86346689738081,56.0,12.100089345214032,360.0,0.0,1,1,1,0,0,0,0,0,0,0,1,0
48.30113870293329,49.16299421312742,11.661903789690601,360.0,1.0,1,1,1,0,0,0,1,0,0,0,1,1
74.08103670980854,0.0,11.180339887498949,360.0,1.0,1,1,1,0,0,0,1,0,1,0,0,1
95.74445153636842,0.0,13.601470508735444,360.0,1.0,1,0,0,0,0,1,1,0,1,0,0,1
97.48846085563153,0.0,16.583123951777,360.0,1.0,1,1,0,0,0,1,1,0,1,0,0,1
50.82322303829225,45.98912915026767,10.954451150103322,360.0,1.0,1,1,1,0,0,0,1,0,0,0,1,1
44.64302857109943,40.311288741492746,10.63014581273465,180.0,1.0,1,1,0,0,1,0,0,0,0,1,0,1
55.67764362830022,37.416573867739416,10.63014581273465,360.0,1.0,1,1,0,0,1,0,1,0,0,0,1,1
57.23635208501674,22.0,11.61895003862225,360.0,1.0,1,1,0,0,1,0,1,0,0,1,0,1
56.39148871948674,0.0,8.426149773176359,360.0,0.0,0,0,1,0,0,0,1,0,0,0,1,0
55.072679252057455,38.19685850956856,9.746794344808963,360.0,1.0,1,1,1,0,0,0,1,0,0,0,1,1
62.465990746965666,40.8166632639171,10.44030650891055,360.0,1.0,1,0,1,0,0,0,0,0,1,0,0,1
38.72983346207417,42.42640687119285,10.14889156509222,360.0,0.0,0,0,1,0,0,0,1,0,0,1,0,0
53.749418601506754,0.0,6.708203932499369,180.0,0.0,1,1,0,0,1,0,0,0,0,0,1,0
52.48809388804284,0.0,8.06225774829855,300.0,1.0,1,0,1,0,0,0,0,0,1,0,0,0
50.0,141.4213562373095,10.14889156509222,360.0,1.0,1,0,1,0,0,0,1,0,0,1,0,1
44.30575583375144,0.0,7.280109889280518,360.0,1.0,0,0,1,0,0,0,0,0,0,1,0,1
86.26123115281858,0.0,13.92838827718412,360.0,1.0,0,0,1,0,0,0,1,1,1,0,0,0
67.43144666993287,0.0,10.723805294763608,360.0,1.0,0,0,1,0,0,0,1,0,0,1,0,1
46.551047249229526,48.98979485566356,10.723805294763608,360.0,1.0,1,1,1,0,0,0,0,0,0,0,1,1
47.042533945356304,0.0,8.12403840463596,360.0,1.0,0,0,1,0,0,0,0,0,1,0,0,1
91.10433579144299,0.0,12.328828005937952,300.0,0.0,1,1,0,1,0,0,1,0,0,1,0,0
284.60498941515414,0.0,18.973665961010276,360.0,0.0,1,1,0,0,0,1,1,0,1,0,0,0
62.185207244167,0.0,7.874007874011811,360.0,1.0,0,0,0,1,0,0,0,1,0,1,0,0
79.09487973314076,0.0,12.649110640673518,360.0,1.0,1,1,1,0,0,0,1,0,0,0,1,1
78.07688518377255,0.0,14.7648230602334,360.0,0.0,1,1,1,0,0,0,0,0,1,0,0,0
47.46577714522327,45.088801270381985,10.488088481701515,360.0,1.0,1,1,1,0,0,0,0,0,1,0,0,1
46.357307945997036,56.894639466297704,13.341664064126334,360.0,0.0,0,1,1,0,0,0,0,0,0,1,0,0
54.72659317004851,0.0,7.745966692414834,360.0,1.0,0,0,1,0,0,0,1,0,0,0,1,1
50.99019513592785,0.0,12.649110640673518,360.0,1.0,0,0,0,1,0,0,1,0,0,0,1,0
40.0,141.4213562373095,15.459624833740307,360.0,1.0,1,1,0,0,1,0,1,1,0,0,1,0
32.01562118716424,52.65928218272634,10.583005244258363,360.0,1.0,1,1,1,0,0,0,1,0,1,0,0,1
56.97367813297646,37.64306044943742,11.74734012447073,360.0,1.0,1,1,1,0,0,0,1,0,0,1,0,1
76.34788798650555,0.0,11.74734012447073,360.0,1.0,1,1,1,0,0,0,1,0,1,0,0,1
52.15361924162119,0.0,8.94427190999916,360.0,0.0,0,0,1,0,0,0,0,0,0,0,1,0
42.661458015403085,41.46082488325576,10.0,360.0,1.0,1,1,1,0,0,0,1,0,0,0,1,1
85.14693182963201,40.82891132518721,10.488088481701515,360.0,0.0,1,1,0,1,0,0,1,0,0,0,1,0
121.98360545581525,0.0,9.797958971132712,360.0,1.0,1,1,1,0,0,0,1,0,0,1,0,1
51.633322573702344,65.57438524302,11.0,360.0,1.0,1,1,1,0,0,0,1,0,1,0,0,1
67.86751800382861,0.0,9.0,360.0,1.0,0,0,0,1,0,0,0,0,1,0,0,0
77.03895118704564,0.0,11.532562594670797,360.0,1.0,1,1,0,0,1,0,1,0,0,1,0,1
54.037024344425184,4.014972084585396,9.327379053088816,360.0,1.0,1,1,1,0,0,0,1,0,1,0,0,1
52.124850119688595,0.0,7.745966692414834,180.0,1.0,1,0,1,0,0,0,0,0,0,0,1,1
92.8654941299512,0.0,12.24744871391589,360.0,1.0,0,0,0,1,0,0,1,1,0,1,0,1
80.62257748298549,0.0,10.246950765959598,360.0,0.0,1,0,1,0,0,0,1,0,1,0,0,0
113.47246362003426,0.0,20.12461179749811,360.0,1.0,1,0,1,0,0,0,1,0,0,1,0,1
49.24428900898052,48.373546489791295,11.958260743101398,360.0,1.0,1,1,1,0,0,0,1,0,0,1,0,1
61.237243569579455,0.0,10.0,360.0,1.0,1,0,1,0,0,0,1,0,0,0,1,1
100.23472452199387,0.0,12.100089345214032,240.0,1.0,0,1,1,0,0,0,1,0,0,1,0,1
43.88621651498338,43.02324952859791,7.0710678118654755,360.0,1.0,1,0,1,0,0,0,1,0,0,1,0,1
47.042533945356304,33.54101966249684,12.100089345214032,360.0,1.0,1,1,1,0,0,0,1,0,0,0,1,1
102.05880657738459,0.0,13.674794331177344,360.0,0.0,1,0,1,0,0,0,1,1,0,0,1,0
84.5103543951864,0.0,11.74734012447073,360.0,1.0,0,1,1,0,0,0,0,1,1,0,0,1
60.4979338490167,71.16178749862878,13.674794331177344,360.0,1.0,1,0,1,0,0,0,1,0,0,1,0,1
88.88756943465155,42.81354925721529,13.416407864998739,360.0,1.0,1,1,1,0,0,0,1,0,1,0,0,1
68.60757975617562,44.64302857109943,12.165525060596439,360.0,1.0,1,0,0,0,0,1,0,0,0,1,0,1
194.21379971567416,0.0,12.328828005937952,360.0,1.0,1,0,0,1,0,0,1,0,0,1,0,1
85.63293758829018,91.28526715741155,13.228756555322953,300.0,1.0,1,1,1,0,0,0,1,0,1,0,0,1
58.872744118140105,34.785054261852174,11.40175425099138,360.0,1.0,1,1,0,1,0,0,1,1,1,0,0,1
68.20557161991974,0.0,10.488088481701515,360.0,1.0,1,1,0,0,1,0,0,0,1,0,0,1
59.48949487094339,37.094473981982816,7.416198487095663,360.0,1.0,1,1,1,0,0,0,1,0,1,0,0,0
57.79273310719956,41.352146256270665,12.24744871391589,360.0,0.0,1,1,0,0,1,0,1,0,1,0,0,0
52.62128846769148,39.26830783214372,13.784048752090222,360.0,1.0,1,0,0,1,0,0,0,1,0,1,0,0
48.05205510693585,35.4259791678367,11.180339887498949,360.0,0.0,1,1,0,0,1,0,0,0,1,0,0,0
44.24929377967517,38.157568056677825,7.745966692414834,300.0,1.0,1,1,0,0,1,0,0,0,0,0,1,1
62.83311228962003,41.6293165929973,12.206555615733702,360.0,0.0,1,1,1,0,0,0,1,0,1,0,0,0
49.82971001320397,49.658836071740545,9.486832980505138,180.0,0.0,1,1,1,0,0,0,1,0,1,0,0,1
84.17244204607586,0.0,9.16515138991168,360.0,1.0,1,0,1,0,0,0,1,1,0,1,0,1
62.120849961989414,0.0,9.797958971132712,360.0,1.0,1,1,0,0,1,0,1,0,0,1,0,1
65.58200972827838,0.0,10.862780491200215,360.0,1.0,1,1,1,0,0,0,1,0,0,0,1,1
60.89334939055332,50.68530358989675,13.152946437965905,360.0,1.0,1,1,1,0,0,0,1,0,0,0,1,0
65.98484674529449,0.0,11.661903789690601,360.0,1.0,1,0,0,0,1,0,1,0,1,0,0,1
91.29074432821763,0.0,12.649110640673518,360.0,1.0,1,1,1,0,0,0,1,0,0,1,0,0
45.639894828976104,63.89835678638379,12.649110640673518,360.0,1.0,1,1,1,0,0,0,1,1,0,1,0,1
87.97726979169109,0.0,11.313708498984761,180.0,1.0,1,1,0,0,0,1,1,0,0,0,1,1
54.909015653169384,46.776062254106,12.36931687685298,360.0,1.0,1,1,1,0,0,0,1,0,1,0,0,1
72.04859471218019,0.0,11.489125293076057,360.0,1.0,0,0,0,1,0,0,0,0,0,1,0,1
64.5445582524197,0.0,9.899494936611665,360.0,0.0,1,0,1,0,0,0,1,0,0,1,0,0
77.45966692414834,0.0,11.832159566199232,360.0,1.0,1,0,1,0,0,0,1,0,1,0,0,1
54.286278192559855,40.792156108742276,8.366600265340756,180.0,0.0,1,1,0,0,0,1,0,0,0,0,1,0
129.1975231960737,0.0,10.488088481701515,360.0,1.0,1,1,1,0,0,0,1,0,0,1,0,1
14.491376746189438,54.00925846556311,9.899494936611665,360.0,1.0,0,1,0,0,1,0,0,0,0,1,0,1
65.82552696332935,49.50757517794625,10.488088481701515,360.0,1.0,1,1,1,0,0,0,1,0,0,0,1,0
58.73670062235365,45.59605246071199,12.727922061357855,360.0,1.0,1,1,0,1,0,0,1,1,0,1,0,1
51.507281038703645,38.72983346207417,10.63014581273465,180.0,0.0,1,1,0,1,0,0,0,0,1,0,0,0
68.49087530467106,0.0,10.0,360.0,1.0,1,1,0,0,0,1,1,0,0,1,0,1
50.0,0.0,9.643650760992955,360.0,1.0,0,0,1,0,0,0,1,1,0,0,1,1
74.3774159271482,68.17624219623724,12.727922061357855,360.0,1.0,1,0,0,0,1,0,1,0,1,0,0,1
128.5496013218244,31.843366656181317,12.24744871391589,360.0,1.0,1,1,0,0,1,0,1,1,1,0,0,1
81.8535277187245,41.83300132670378,15.165750888103101,300.0,1.0,1,1,0,0,1,0,1,0,0,1,0,1
53.600373133029585,43.266615305567875,11.489125293076057,360.0,0.0,1,1,0,0,1,0,1,0,0,1,0,0
129.10073586157438,47.43416490252569,9.273618495495704,360.0,1.0,1,1,0,1,0,0,1,1,0,1,0,1
54.286278192559855,40.0374824383352,12.100089345214032,360.0,1.0,1,1,0,0,1,0,1,0,0,0,1,0
65.95452979136459,0.0,12.409673645990857,360.0,1.0,0,0,1,0,0,0,0,0,1,0,0,1
55.632724182804495,0.0,10.63014581273465,360.0,1.0,1,1,0,0,0,1,0,0,1,0,0,1
45.639894828976104,56.124860801609124,11.313708498984761,360.0,1.0,1,1,1,0,0,0,1,0,0,1,0,1
104.08169867945085,0.0,15.297058540778355,360.0,1.0,1,1,1,0,0,0,1,0,0,1,0,1
91.28526715741155,0.0,15.684387141358123,360.0,1.0,1,1,0,0,1,0,1,0,0,1,0,1
44.24929377967517,49.35585071701227,11.445523142259598,360.0,1.0,1,1,0,1,0,0,0,0,1,0,0,1
59.55669567731239,0.0,8.94427190999916,360.0,0.0,1,0,0,0,1,0,1,0,1,0,0,0
135.3994091567611,0.0,22.360679774997898,360.0,1.0,1,1,0,1,0,0,1,0,0,0,1,0
67.69785816405124,45.639894828976104,12.649110640673518,360.0,1.0,1,1,0,0,1,0,1,1,0,1,0,1
49.34571916590131,0.0,8.660254037844387,360.0,1.0,1,0,1,0,0,0,1,0,0,0,1,0
51.95190083144215,52.773099207835045,9.797958971132712,360.0,1.0,1,0,1,0,0,0,0,0,0,1,0,1
73.02739212103907,33.63034344160047,13.638181696985855,360.0,1.0,1,1,0,1,0,0,0,0,0,0,1,1
60.753600716336145,0.0,10.488088481701515,360.0,1.0,1,0,1,0,0,0,0,0,1,0,0,1
131.3887361991126,0.0,15.0,360.0,1.0,0,0,1,0,0,0,0,1,0,1,0,1
59.9749947894954,46.44351407893249,10.908712114635714,360.0,0.0,1,1,1,0,0,0,1,0,1,0,0,0
57.67148342118486,30.215889859476256,10.246950765959598,84.0,1.0,0,1,0,1,0,0,1,0,0,1,0,1
50.99019513592785,41.23105625617661,10.344080432788601,360.0,1.0,1,1,1,0,0,0,0,0,1,0,0,1
68.00735254367721,53.45091205957107,10.535653752852738,12.0,1.0,1,1,1,0,0,0,1,0,0,0,1,1
53.80520420925842,0.0,9.746794344808963,360.0,1.0,1,1,0,1,0,0,1,1,0,1,0,1
79.26537705707328,66.4529909033446,14.45683229480096,360.0,0.0,1,0,1,0,0,0,1,0,1,0,0,0
25.39685019840059,60.687725282795036,10.63014581273465,480.0,1.0,0,0,1,0,0,0,1,0,1,0,0,1
56.20498198558558,0.0,10.0,360.0,1.0,0,0,1,0,0,0,1,0,0,1,0,1
69.74955196988724,74.9933330370107,14.422205101855956,360.0,1.0,1,1,0,0,1,0,1,0,0,1,0,1
63.63961030678928,72.81483365359011,11.74734012447073,360.0,1.0,1,1,0,1,0,0,0,0,1,0,0,0
61.75759062657804,38.50973902793941,11.135528725660043,300.0,1.0,1,1,1,0,0,0,0,0,0,1,0,1
59.2452529743945,66.4529909033446,15.588457268119896,360.0,1.0,1,1,0,0,1,0,1,0,1,0,0,1
144.33641259224922,81.65169930871004,21.908902300206645,360.0,1.0,1,1,1,0,0,0,1,0,0,0,1,1
59.85816569190874,0.0,9.797958971132712,360.0,1.0,1,0,1,0,0,0,1,0,0,0,1,0
49.78955713801841,54.89080068645383,13.711309200802088,360.0,1.0,1,1,1,0,0,0,1,1,0,0,1,1
115.16075720487426,0.0,6.324555320336759,360.0,1.0,0,0,0,1,0,0,1,0,0,0,1,1
59.983331017875294,35.874782229304195,10.0,360.0,1.0,1,0,1,0,0,0,0,0,1,0,0,0
77.87810988975015,44.76605857119878,15.811388300841896,360.0,1.0,1,1,0,1,0,0,1,0,0,1,0,1
57.29746940310715,45.110974274559844,12.165525060596439,360.0,1.0,1,1,0,0,1,0,1,0,0,0,1,1
46.151923036857305,81.64557550780079,8.366600265340756,180.0,1.0,1,1,1,0,0,0,1,0,0,1,0,0
76.25614729318549,60.54750201288241,17.635192088548397,360.0,1.0,1,0,1,0,0,0,1,0,1,0,0,0
58.872744118140105,58.54912467321779,12.24744871391589,360.0,1.0,1,1,0,0,0,1,1,0,1,0,0,1
45.066617356974994,40.39801975344831,10.63014581273465,480.0,1.0,0,1,0,0,1,0,1,0,0,1,0,1
55.44366510251645,42.42640687119285,11.090536506409418,360.0,0.0,1,1,1,0,0,0,0,0,0,1,0,0
68.4324484437025,43.76071297408213,13.601470508735444,360.0,1.0,1,0,1,0,0,0,1,0,0,1,0,0
58.309518948453004,0.0,9.746794344808963,360.0,1.0,0,0,1,0,0,0,0,0,1,0,0,0
46.8187996428785,41.737273509418415,6.708203932499369,360.0,1.0,1,1,0,0,1,0,0,0,0,1,0,1
50.0,0.0,7.416198487095663,360.0,1.0,1,0,1,0,0,0,1,0,0,1,0,1
75.34586916347837,37.73592452822641,10.0,360.0,1.0,1,1,0,0,0,1,1,1,1,0,0,1
89.15155635209068,84.65222974027323,21.908902300206645,360.0,1.0,1,1,0,0,1,0,1,1,1,0,0,1
68.41052550594829,45.68369512200168,12.100089345214032,360.0,1.0,1,0,1,0,0,0,1,0,0,1,0,0
132.28756555322954,0.0,20.0,360.0,1.0,1,1,0,0,1,0,1,1,1,0,0,1
61.44102863722254,0.0,10.488088481701515,360.0,1.0,1,1,1,0,0,0,1,0,0,1,0,1
72.69800547470336,37.815340802378074,12.68857754044952,360.0,0.0,1,1,0,1,0,0,0,0,0,1,0,1
51.75905717843013,36.08323710533743,9.695359714832659,360.0,1.0,1,0,0,1,0,0,0,0,0,1,0,1
82.35897036753191,0.0,11.40175425099138,360.0,1.0,1,0,1,0,0,0,0,0,0,1,0,1
32.01562118716424,74.16198487095663,14.696938456699069,360.0,1.0,1,1,1,0,0,0,1,0,1,0,0,1
65.42935121182236,0.0,10.0,360.0,1.0,1,1,0,0,0,1,1,0,0,0,1,1
59.89991652748775,0.0,10.488088481701515,360.0,0.0,1,0,0,0,1,0,1,0,1,0,0,0
106.06601717798213,0.0,14.0,360.0,1.0,1,0,0,1,0,0,1,0,0,1,0,0
134.77759457714032,0.0,11.180339887498949,360.0,1.0,0,0,1,0,0,0,0,1,0,0,1,1
50.49752469181039,45.18849411078001,11.224972160321824,360.0,1.0,1,0,1,0,0,0,0,0,1,0,0,1
78.31347265956222,62.49799996799898,18.0,360.0,1.0,1,1,1,0,0,0,1,0,0,0,1,1
60.14149981501958,0.0,10.344080432788601,360.0,1.0,1,0,0,0,1,0,1,0,0,1,0,1
54.00925846556311,23.15167380558045,8.12403840463596,360.0,1.0,1,1,1,0,0,0,0,0,1,0,0,0
80.10617953691214,0.0,12.529964086141668,180.0,1.0,1,1,0,0,0,1,1,0,1,0,0,1
67.88225099390856,53.33854141237835,11.832159566199232,180.0,1.0,0,1,0,1,0,0,1,0,0,1,0,1
46.238512086787566,0.0,9.9498743710662,360.0,0.0,0,0,1,0,0,0,1,0,0,1,0,0
60.43177971895251,0.0,9.746794344808963,360.0,1.0,0,0,0,1,0,0,1,0,0,1,0,1
47.31807265728392,50.23942674832188,11.313708498984761,360.0,1.0,1,1,0,1,0,0,0,0,0,0,1,1
54.92722457943783,25.748786379167466,10.099504938362077,360.0,1.0,0,1,1,0,0,0,0,0,0,1,0,1
52.61178575186362,44.15880433163923,12.449899597988733,360.0,1.0,1,1,1,0,0,0,1,0,1,0,0,1
57.94825277780168,0.0,8.94427190999916,36.0,1.0,1,0,1,0,0,0,0,0,0,1,0,0
50.25932749251625,42.22558466143482,12.041594578792296,360.0,1.0,1,0,1,0,0,0,1,0,1,0,0,1
70.71067811865476,0.0,10.14889156509222,360.0,0.0,0,0,1,0,0,0,1,0,0,1,0,0
52.773099207835045,44.8998886412873,10.488088481701515,360.0,1.0,1,1,1,0,0,0,1,0,1,0,0,1
81.44323176298937,0.0,12.100089345214032,360.0,0.0,1,1,0,0,1,0,1,1,1,0,0,0
49.91993589739474,48.73397172404482,12.100089345214032,360.0,1.0,1,1,0,1,0,0,0,0,1,0,0,1
57.73214009544424,57.0087712549569,12.569805089976535,360.0,1.0,1,1,0,1,0,0,1,0,0,0,1,1
49.53786430600334,48.30113870293329,13.45362404707371,360.0,0.0,1,1,1,0,0,0,0,0,0,0,1,0
59.941638282582836,65.31462317123173,11.489125293076057,180.0,0.0,1,1,1,0,0,0,1,0,1,0,0,0
73.9459261893446,32.12475680841802,5.0990195135927845,360.0,1.0,1,1,0,1,0,0,1,0,0,1,0,1
51.64300533470143,40.311288741492746,9.16515138991168,360.0,1.0,0,0,1,0,0,0,1,0,0,0,1,1
100.69260151570224,0.0,16.1245154965971,360.0,1.0,1,1,0,0,0,1,1,1,0,1,0,1
62.34580980306536,51.66236541235796,12.727922061357855,360.0,1.0,1,1,1,0,0,0,1,0,0,1,0,1
64.65291950097846,48.02082881417188,13.490737563232042,360.0,1.0,0,1,1,0,0,0,1,0,0,1,0,1
60.6217782649107,15.556349186104045,10.392304845413264,360.0,1.0,1,1,0,0,1,0,0,0,0,1,0,1
139.5850994913139,0.0,24.49489742783178,360.0,1.0,0,1,0,1,0,0,1,1,0,1,0,1
76.96102909914862,45.32107677449864,14.52583904633395,360.0,1.0,1,1,1,0,0,0,1,0,1,0,0,1
76.15773105863909,0.0,11.489125293076057,360.0,1.0,1,0,1,0,0,0,0,1,0,1,0,1
93.80298502713013,0.0,16.06237840420901,360.0,0.0,1,1,0,0,1,0,1,0,0,0,1,0
66.83561924602779,0.0,10.954451150103322,360.0,1.0,1,1,1,0,0,0,0,0,1,0,0,1
57.73214009544424,0.0,8.366600265340756,360.0,1.0,1,0,1,0,0,0,1,0,0,0,1,1
58.309518948453004,50.0,11.090536506409418,360.0,0.0,1,1,0,0,0,1,1,0,1,0,0,0
48.76474136094644,0.0,3.0,360.0,1.0,0,0,1,0,0,0,1,0,0,0,1,0
56.2672195865408,45.43126676640219,10.198039027185569,360.0,0.0,1,1,1,0,0,0,1,0,0,0,1,0
58.45511098270193,41.83300132670378,13.638181696985855,360.0,1.0,1,1,0,1,0,0,1,0,0,0,1,1
71.52621896899066,38.09199390948182,12.84523257866513,360.0,0.0,1,1,1,0,0,0,1,0,0,0,1,0
129.0968628588627,0.0,16.583123951777,360.0,1.0,1,1,0,0,1,0,1,0,0,0,1,1
78.26237921249263,40.311288741492746,13.674794331177344,480.0,1.0,1,1,0,0,1,0,0,0,0,1,0,0
80.03749121505496,0.0,12.24744871391589,360.0,1.0,1,1,0,0,0,1,1,0,0,1,0,0
56.20498198558558,21.470910553583888,10.392304845413264,84.0,1.0,1,1,0,0,1,0,1,0,0,0,1,1
55.560777532356404,47.01063709417264,11.661903789690601,360.0,0.0,1,1,1,0,0,0,1,0,0,1,0,0
56.824290580701486,52.3354564325181,10.488088481701515,360.0,1.0,1,0,1,0,0,0,1,0,0,0,1,1
42.21374183841087,47.24404724407086,10.344080432788601,360.0,1.0,1,1,0,1,0,0,1,0,1,0,0,1
56.40921910468182,54.00925846556311,12.68857754044952,360.0,1.0,1,0,1,0,0,0,1,0,0,0,1,1
80.87026647662292,0.0,14.317821063276353,360.0,1.0,1,1,0,0,1,0,1,0,0,1,0,1
42.8485705712571,183.9483623194292,9.486832980505138,360.0,1.0,1,0,1,0,0,0,1,0,0,0,1,0
56.2672195865408,0.0,6.0,360.0,1.0,0,1,1,0,0,0,1,0,0,1,0,1
43.3589667773576,0.0,7.810249675906654,360.0,1.0,1,1,0,1,0,0,1,0,1,0,0,0
52.79204485526205,43.78355855797927,12.083045973594572,360.0,0.0,1,1,0,1,0,0,1,0,1,0,0,0
65.4446330878247,54.772255750516614,13.114877048604,84.0,1.0,1,1,0,1,0,0,1,0,1,0,0,0
47.92702786528704,39.01281840626232,10.198039027185569,360.0,1.0,1,1,1,0,0,0,1,0,0,0,1,1
46.52956049652737,0.0,8.366600265340756,360.0,1.0,0,0,1,0,0,0,0,0,0,1,0,1
68.92024376045111,0.0,9.695359714832659,360.0,1.0,1,0,1,0,0,0,1,0,0,1,0,1
52.21110992882645,0.0,10.295630140987,360.0,0.0,1,1,0,0,1,0,1,1,0,1,0,0
54.772255750516614,58.44655678480983,7.483314773547883,180.0,1.0,1,1,1,0,0,0,1,0,0,1,0,1
77.45966692414834,0.0,14.317821063276353,240.0,1.0,1,1,0,0,1,0,1,1,0,1,0,0
96.73158739522474,0.0,17.08800749063506,360.0,1.0,1,0,0,0,0,1,1,1,0,1,0,1
62.120849961989414,57.445626465380286,11.916375287812984,180.0,1.0,1,1,1,0,0,0,1,0,1,0,0,1
126.96456198483102,0.0,16.1245154965971,360.0,1.0,1,1,1,0,0,0,1,1,0,0,1,1
61.91122676865643,0.0,10.488088481701515,360.0,1.0,1,0,1,0,0,0,0,0,1,0,0,1
79.89367934949547,31.622776601683793,13.674794331177344,360.0,1.0,1,1,0,0,1,0,0,1,1,0,0,0
54.653453687758834,0.0,9.38083151964686,360.0,0.0,1,0,1,0,0,0,1,0,0,1,0,0
99.81482855768475,0.0,13.416407864998739,360.0,1.0,1,1,1,0,0,0,1,1,1,0,0,1
76.02631123499285,0.0,13.856406460551018,360.0,1.0,1,1,0,0,1,0,1,0,0,0,1,1
20.396078054371138,204.12496172687946,18.708286933869708,180.0,1.0,0,0,0,0,0,1,1,0,0,0,1,0
53.79591062525106,52.839379254491625,12.449899597988733,360.0,1.0,1,1,1,0,0,0,0,0,1,0,0,1
75.5182097245426,0.0,11.313708498984761,360.0,1.0,1,1,0,0,0,1,1,0,0,0,1,1
60.63002556489647,65.58200972827838,13.114877048604,360.0,1.0,1,0,1,0,0,0,1,0,1,0,0,1
109.54451150103323,0.0,22.271057451320086,360.0,1.0,0,1,0,1,0,0,1,0,0,1,0,1
48.98979485566356,61.644140029689765,12.100089345214032,180.0,1.0,1,1,1,0,0,0,0,0,0,0,1,0
58.309518948453004,50.0,13.152946437965905,360.0,1.0,1,1,0,1,0,0,1,0,0,1,0,1
63.14269553954757,37.5632799419859,12.529964086141668,360.0,1.0,1,1,0,0,1,0,0,0,1,0,0,1
56.85068161420758,44.15880433163923,10.392304845413264,360.0,1.0,1,1,1,0,0,0,1,0,1,0,0,1
53.85164807134504,0.0,8.426149773176359,360.0,1.0,0,0,1,0,0,0,1,0,1,0,0,1
64.07807737440318,0.0,6.324555320336759,180.0,1.0,1,1,0,0,0,1,1,0,1,0,0,1
89.8443097808648,15.491933384829668,15.905973720586866,360.0,1.0,1,1,0,1,0,0,1,0,0,0,1,1
87.08042259888269,0.0,13.674794331177344,360.0,1.0,1,1,0,0,1,0,1,0,0,0,1,1
67.69785816405124,0.0,11.532562594670797,360.0,0.0,0,0,1,0,0,0,1,1,0,1,0,0
